Date,ODA.AFG_NGDP_R - Value,ODA.ALB_NGDP_R - Value,ODA.DZA_NGDP_R - Value,ODA.AGO_NGDP_R - Value,ODA.ATG_NGDP_R - Value,ODA.ARG_NGDP_R - Value,ODA.ARM_NGDP_R - Value,ODA.AUS_NGDP_R - Value,ODA.AUT_NGDP_R - Value,ODA.AZE_NGDP_R - Value,ODA.BHR_NGDP_R - Value,ODA.BGD_NGDP_R - Value,ODA.BRB_NGDP_R - Value,ODA.BLR_NGDP_R - Value,ODA.BEL_NGDP_R - Value,ODA.BLZ_NGDP_R - Value,ODA.BEN_NGDP_R - Value,ODA.BTN_NGDP_R - Value,ODA.BOL_NGDP_R - Value,ODA.BIH_NGDP_R - Value,ODA.BWA_NGDP_R - Value,ODA.BRA_NGDP_R - Value,ODA.BRN_NGDP_R - Value,ODA.BGR_NGDP_R - Value,ODA.BFA_NGDP_R - Value,ODA.BDI_NGDP_R - Value,ODA.KHM_NGDP_R - Value,ODA.CMR_NGDP_R - Value,ODA.CAN_NGDP_R - Value,ODA.CPV_NGDP_R - Value,ODA.CAF_NGDP_R - Value,ODA.TCD_NGDP_R - Value,ODA.CHL_NGDP_R - Value,ODA.CHN_NGDP_R - Value,ODA.COL_NGDP_R - Value,ODA.COM_NGDP_R - Value,ODA.COD_NGDP_R - Value,ODA.COG_NGDP_R - Value,ODA.CRI_NGDP_R - Value,ODA.HRV_NGDP_R - Value,ODA.CYP_NGDP_R - Value,ODA.CZE_NGDP_R - Value,ODA.DNK_NGDP_R - Value,ODA.DJI_NGDP_R - Value,ODA.DMA_NGDP_R - Value,ODA.DOM_NGDP_R - Value,ODA.ECU_NGDP_R - Value,ODA.EGY_NGDP_R - Value,ODA.SLV_NGDP_R - Value,ODA.GNQ_NGDP_R - Value,ODA.ERI_NGDP_R - Value,ODA.EST_NGDP_R - Value,ODA.ETH_NGDP_R - Value,ODA.FJI_NGDP_R - Value,ODA.FIN_NGDP_R - Value,ODA.FRA_NGDP_R - Value,ODA.GAB_NGDP_R - Value,ODA.GMB_NGDP_R - Value,ODA.GEO_NGDP_R - Value,ODA.DEU_NGDP_R - Value,ODA.GHA_NGDP_R - Value,ODA.GRC_NGDP_R - Value,ODA.GRD_NGDP_R - Value,ODA.GTM_NGDP_R - Value,ODA.GIN_NGDP_R - Value,ODA.GNB_NGDP_R - Value,ODA.GUY_NGDP_R - Value,ODA.HTI_NGDP_R - Value,ODA.HND_NGDP_R - Value,ODA.HKG_NGDP_R - Value,ODA.HUN_NGDP_R - Value,ODA.ISL_NGDP_R - Value,ODA.IND_NGDP_R - Value,ODA.IDN_NGDP_R - Value,ODA.IRN_NGDP_R - Value,ODA.IRQ_NGDP_R - Value,ODA.IRL_NGDP_R - Value,ODA.ISR_NGDP_R - Value,ODA.ITA_NGDP_R - Value,ODA.CIV_NGDP_R - Value,ODA.JAM_NGDP_R - Value,ODA.JPN_NGDP_R - Value,ODA.JOR_NGDP_R - Value,ODA.KAZ_NGDP_R - Value,ODA.KEN_NGDP_R - Value,ODA.KIR_NGDP_R - Value,ODA.KWT_NGDP_R - Value,ODA.KGZ_NGDP_R - Value,ODA.LAO_NGDP_R - Value,ODA.LVA_NGDP_R - Value,ODA.LBN_NGDP_R - Value,ODA.LSO_NGDP_R - Value,ODA.LBR_NGDP_R - Value,ODA.LBY_NGDP_R - Value,ODA.LTU_NGDP_R - Value,ODA.LUX_NGDP_R - Value,ODA.MKD_NGDP_R - Value,ODA.MDG_NGDP_R - Value,ODA.MWI_NGDP_R - Value,ODA.MYS_NGDP_R - Value,ODA.MDV_NGDP_R - Value,ODA.MLI_NGDP_R - Value,ODA.MLT_NGDP_R - Value,ODA.MRT_NGDP_R - Value,ODA.MUS_NGDP_R - Value,ODA.MEX_NGDP_R - Value,ODA.MDA_NGDP_R - Value,ODA.MNG_NGDP_R - Value,ODA.MNE_NGDP_R - Value,ODA.MAR_NGDP_R - Value,ODA.MOZ_NGDP_R - Value,ODA.MMR_NGDP_R - Value,ODA.NAM_NGDP_R - Value,ODA.NPL_NGDP_R - Value,ODA.NLD_NGDP_R - Value,ODA.NZL_NGDP_R - Value,ODA.NIC_NGDP_R - Value,ODA.NER_NGDP_R - Value,ODA.NGA_NGDP_R - Value,ODA.NOR_NGDP_R - Value,ODA.OMN_NGDP_R - Value,ODA.PAK_NGDP_R - Value,ODA.PAN_NGDP_R - Value,ODA.PNG_NGDP_R - Value,ODA.PRY_NGDP_R - Value,ODA.PER_NGDP_R - Value,ODA.PHL_NGDP_R - Value,ODA.POL_NGDP_R - Value,ODA.PRT_NGDP_R - Value,ODA.QAT_NGDP_R - Value,ODA.ROU_NGDP_R - Value,ODA.RUS_NGDP_R - Value,ODA.RWA_NGDP_R - Value,ODA.KNA_NGDP_R - Value,ODA.LCA_NGDP_R - Value,ODA.VCT_NGDP_R - Value,ODA.WSM_NGDP_R - Value,ODA.SMR_NGDP_R - Value,ODA.STP_NGDP_R - Value,ODA.SAU_NGDP_R - Value,ODA.SEN_NGDP_R - Value,ODA.SRB_NGDP_R - Value,ODA.SYC_NGDP_R - Value,ODA.SLE_NGDP_R - Value,ODA.SGP_NGDP_R - Value,ODA.SVK_NGDP_R - Value,ODA.SVN_NGDP_R - Value,ODA.SLB_NGDP_R - Value,ODA.ZAF_NGDP_R - Value,ODA.KOR_NGDP_R - Value,ODA.SSD_NGDP_R - Value,ODA.ESP_NGDP_R - Value,ODA.LKA_NGDP_R - Value,ODA.SDN_NGDP_R - Value,ODA.SUR_NGDP_R - Value,ODA.SWZ_NGDP_R - Value,ODA.SWE_NGDP_R - Value,ODA.CHE_NGDP_R - Value,ODA.SYR_NGDP_R - Value,ODA.TJK_NGDP_R - Value,ODA.TZA_NGDP_R - Value,ODA.THA_NGDP_R - Value,ODA.BHS_NGDP_R - Value,ODA.TLS_NGDP_R - Value,ODA.TGO_NGDP_R - Value,ODA.TON_NGDP_R - Value,ODA.TTO_NGDP_R - Value,ODA.TUN_NGDP_R - Value,ODA.TUR_NGDP_R - Value,ODA.TKM_NGDP_R - Value,ODA.TUV_NGDP_R - Value,ODA.ARE_NGDP_R - Value,ODA.UGA_NGDP_R - Value,ODA.GBR_NGDP_R - Value,ODA.UKR_NGDP_R - Value,ODA.URY_NGDP_R - Value,ODA.USA_NGDP_R - Value,ODA.UZB_NGDP_R - Value,ODA.VUT_NGDP_R - Value,ODA.VEN_NGDP_R - Value,ODA.VNM_NGDP_R - Value,ODA.YEM_NGDP_R - Value,ODA.ZMB_NGDP_R - Value,ODA.ZWE_NGDP_R - Value
2019-12-31,603.538,852.096,8395.882,2103.699,2.684,533.782,4141.961,1831.696,298.979,29.256,13.25,9381.121,1.154,186077.856,400.022,3.081,3796.949,85.713,51.639,30.834,97.092,1402.049,15.87,62.932,6109.212,2297.312,57402.159,14172.706,1934.425,171.526,759.29,6921.181,146376.565,26810.935,640874.566,181.727,14158.709,2282.683,3187.12,283.815,14.528,4048.733,1720.38,162.489,1.324,531.065,82.545,759.694,10.724,3580.738,10.15,15.624,837.931,5.933,170.806,2001.46,7271.924,33.004,17.321,2708.707,45.133,189.987,2.1,272.386,14876.174,458.881,457.665,19.01,211.702,2544.924,24417.529,1066.625,89322.834,3898677.822,588386.012,116257.905,186.811,1182.365,1450.277,14213.748,834.164,558304.042,13.936,23953.724,2425.719,0.187,25.116,48.851,61848.512,18.739,56071.124,16.632,1.379,62.728,107.042,38.413,463.217,9485.763,1031.068,1056.253,27.855,2405.5,6.394,666.906,252.126,16555.348,13.828,9989.96,3.029,964.388,276.786,76369.112,63.948,918.07,599.889,177.119,193.091,4040.698,20021.554,3204.52,17.228,12658.221,40.416,21.305,34883.462,350.568,9707.097,1638.394,169.263,535.803,417.422,49715.157,4429.82,1.742,3.228,1.727,1.177,1.541,1572.308,1629.511,7329.021,3390.128,9.03,15345.127,402.828,79.494,25.488,5.527,2363.577,1416951.811,38.909,1083.776,4790.041,134.358,13.442,15.601,4185.196,628.496,,0.28,30747.084,6421.897,9.357,2.151,1873.845,0.876,99.321,69.827,148.314,70.521,0.038,1367.994,36357.072,1773.99,,792.537,18541.988,1282.388,77.296,63.577,3574195.99,469.489,31.301,14.875
2018-12-31,571.601,813.845,8048.029,1972.46,2.627,523.316,3944.725,1777.638,294.865,28.07,12.803,8767.403,1.127,181042.014,394.19,3.006,3622.352,79.351,49.18,29.648,93.552,1354.453,15.335,61.099,5711.002,2180.517,53405.356,13452.849,1895.915,164.91,718.311,6685.572,140073.268,25169.841,613039.851,174.737,13412.549,2225.496,3049.875,278.25,14.251,3952.339,1690.56,153.581,1.3,510.639,79.752,730.182,10.514,3954.141,9.799,15.066,786.874,5.794,167.841,1963.664,6874.67,31.28,16.495,2674.297,43.467,184.86,2.049,263.175,12647.742,439.98,443.239,18.28,205.536,2446.756,24000.535,1043.018,83662.748,3677997.945,574871.312,106477.252,182.232,1142.728,1436.629,13443.447,812.233,552090.366,13.336,22727.498,2276.685,0.183,24.176,46.42,57528.037,18.022,53914.542,15.823,1.285,60.627,103.162,37.579,445.194,9023.542,973.925,1005.956,26.592,2303.619,6.288,602.578,242.355,15956.596,13.296,9184.541,2.939,913.246,256.759,70910.032,61.104,874.4,587.822,172.718,185.664,3731.129,18770.356,3138.629,16.621,12053.19,38.198,20.539,33381.303,331.336,9155.585,1581.152,166.205,503.482,403.207,48502.593,4120.763,1.69,3.157,1.672,1.155,1.498,1483.31,1562.702,6969.611,3259.739,8.73,14612.15,388.162,76.732,25.019,5.336,2293.773,1365569.794,36.772,1070.209,4497.691,128.788,12.885,15.285,4087.03,617.687,,0.264,28771.917,6146.937,9.146,1.972,1781.221,0.861,97.755,66.818,143.32,65.139,0.037,1313.418,33862.647,1731.705,751.293,763.48,18139.658,1215.534,74.323,62.947,3371883.009,448.601,29.538,14.303
2017-12-31,542.993,778.799,7718.579,1850.95,2.57,513.052,3756.881,1726.207,290.682,26.993,12.365,8193.834,1.102,176184.3,388.786,2.932,3456.005,71.181,46.838,28.507,89.965,1310.645,14.516,59.319,5339.276,2068.87,49698.506,12765.02,1857.036,158.605,678.933,6473.024,134041.405,23605.0,586649.923,168.015,12595.356,2126.376,2918.541,272.527,13.937,3858.739,1661.395,144.888,1.269,490.999,77.057,701.845,10.308,4284.375,9.491,14.532,735.237,5.661,164.93,1926.672,6479.266,29.646,15.708,2639.866,40.719,178.871,2.001,254.275,10764.83,422.547,425.183,17.577,199.549,2353.177,23590.21,1019.796,78384.026,3469809.382,561741.857,97379.91,177.75,1104.899,1423.109,12577.862,791.265,546592.26,12.762,21557.236,2137.687,0.179,23.275,44.142,53525.408,17.331,51840.906,14.995,1.195,55.132,99.41,36.786,427.931,8587.392,916.351,958.053,25.4,2199.844,6.186,571.095,233.125,15379.201,12.785,8608.633,2.856,864.737,238.105,65779.251,58.406,833.08,576.577,168.517,178.523,3397.181,17610.1,3074.772,16.043,11477.078,36.068,19.855,31943.831,313.159,8635.797,1526.311,163.202,472.401,389.702,47319.602,3833.268,1.64,3.094,1.619,1.149,1.457,1399.349,1499.183,6628.616,3164.795,8.433,13874.431,374.267,74.065,24.564,5.152,2226.198,1316182.587,34.898,1057.382,4223.184,122.103,12.308,14.975,3990.655,606.765,,0.25,26927.83,5882.31,8.926,1.786,1688.361,0.847,96.252,63.94,138.494,60.429,0.037,1262.127,31566.56,1690.647,736.75,735.55,17681.166,1152.165,71.327,62.324,3181021.707,430.865,27.791,13.753
2016-12-31,516.838,745.262,7404.382,1792.34,2.515,502.992,3577.982,1676.411,286.568,26.15,11.95,7657.789,1.082,171602.835,383.597,2.861,3297.494,65.534,44.607,27.411,86.481,1270.682,13.757,57.591,4990.59,1966.791,46214.772,12121.288,1816.676,152.52,642.32,6248.586,128269.287,22110.065,561383.938,161.552,11742.697,1917.426,2792.862,267.341,13.618,3772.619,1633.916,136.045,1.242,472.115,74.451,675.12,10.106,4534.718,9.305,14.029,687.035,5.532,162.273,1892.234,6105.725,28.099,14.962,2604.424,37.892,172.848,1.962,245.677,10233.672,405.924,407.507,16.902,193.737,2264.361,23193.653,990.376,73496.526,3273405.077,548973.007,89448.442,173.393,1067.648,1406.929,11716.376,772.531,541222.189,12.212,20431.767,2008.484,0.176,22.412,42.005,49707.281,16.646,49847.025,14.23,1.11,50.242,95.896,35.986,411.534,8175.717,862.638,912.431,24.258,2102.749,6.088,525.817,224.049,14822.722,12.293,7898.661,2.775,820.542,220.603,61019.713,55.81,793.732,566.199,164.343,171.657,3035.288,16472.855,3013.123,15.45,10961.574,33.962,19.204,30568.259,295.991,8145.885,1474.079,160.316,440.806,377.032,46165.466,3565.83,1.59,3.038,1.568,1.155,1.42,1320.14,1438.242,6306.419,3087.605,8.14,13184.974,361.238,71.492,24.139,4.977,2160.566,1267754.891,33.787,1045.133,3965.431,116.074,11.762,14.671,3896.548,594.751,,0.236,25173.846,5616.643,8.709,1.618,1595.805,0.832,94.766,61.186,133.83,56.04,0.036,1213.955,29453.135,1653.355,723.405,709.917,17181.916,1092.099,68.387,61.707,3003797.646,414.779,26.065,13.209
2015-12-31,492.082,715.223,7099.009,1693.257,2.461,495.554,3417.365,1628.387,281.946,25.272,11.571,7173.044,1.065,167023.139,378.721,2.791,3146.369,60.577,42.483,26.433,83.088,1233.624,13.261,55.914,4663.142,1873.025,43074.885,11519.248,1774.926,146.603,607.683,5967.687,123063.693,20669.447,537096.35,155.391,10878.787,1773.426,2677.72,263.91,13.369,3693.795,1607.206,127.742,1.217,453.52,71.933,648.652,9.927,4494.658,9.122,13.556,642.032,5.408,159.868,1860.42,5718.834,26.628,14.249,2568.374,35.045,166.671,1.929,237.369,9733.034,390.08,388.58,16.252,187.73,2178.548,22810.23,961.169,69024.592,3088117.998,536603.363,82672.728,169.13,1032.824,1389.56,10883.172,756.641,537622.649,11.686,19334.958,1888.064,0.173,21.758,40.017,46027.549,15.974,47929.832,13.538,1.03,40.033,92.56,35.293,396.403,7821.437,810.098,868.982,23.18,2004.813,5.988,494.606,215.105,14286.497,11.764,7472.878,2.704,780.118,204.897,56604.558,53.37,759.491,556.481,160.182,165.055,2656.603,15415.383,2954.911,14.888,10549.09,31.918,18.59,29251.923,279.756,7669.641,1426.294,157.667,410.403,366.451,45039.479,3317.051,1.541,2.995,1.519,1.134,1.387,1251.318,1380.183,5998.654,3027.064,7.853,12379.363,348.566,69.074,23.787,4.812,2094.422,1221626.57,29.193,1033.479,3723.409,109.454,11.26,14.374,3799.945,583.032,,0.224,23502.103,5359.732,8.47,1.472,1503.81,0.818,93.173,58.55,129.348,51.151,0.035,1168.148,27497.591,1615.362,711.806,687.389,16675.941,1030.282,65.442,61.096,2839128.21,399.277,24.408,12.603
2014-12-31,470.944,692.375,6816.573,1604.45,2.415,490.647,3270.206,1585.53,277.108,24.158,11.206,6735.253,1.056,162954.829,374.182,2.723,2990.721,56.321,40.46,25.613,79.595,1201.761,12.873,54.55,4356.343,1787.305,40137.624,10964.9,1733.915,141.653,577.096,5560.36,118273.118,19266.2,514096.427,149.467,10023.092,1676.333,2572.258,262.858,13.256,3620.739,1580.771,119.997,1.197,435.658,69.502,623.162,9.761,4899.023,8.949,13.134,597.334,5.286,158.118,1832.385,5378.159,24.888,13.571,2528.94,33.253,161.947,1.906,229.342,9271.446,375.577,373.683,15.627,182.085,2098.008,22420.956,932.655,64901.143,2918826.085,524282.766,77458.077,165.06,998.684,1373.78,10109.699,743.993,532485.82,11.237,18215.605,1775.812,0.169,21.133,38.134,42694.842,15.303,46760.811,12.833,0.947,30.839,89.47,34.648,383.235,7522.337,760.645,827.602,22.19,1909.553,5.883,464.207,206.742,13805.324,11.257,6937.251,2.627,743.763,189.896,52508.866,51.076,726.725,547.612,155.508,158.706,2507.948,14403.928,2901.155,14.404,10172.608,29.857,15.288,27992.27,264.399,7201.221,1380.707,155.413,383.281,357.548,44017.633,3085.629,1.496,2.964,1.476,1.114,1.357,1186.083,1324.485,5722.704,2982.298,7.567,11171.65,336.359,67.094,23.563,4.646,2040.162,1176944.517,24.83,1023.63,3496.159,104.613,10.824,14.08,3703.779,570.35,,0.211,21964.312,5164.586,8.241,1.353,1418.664,0.804,91.18,56.029,125.505,45.482,0.035,1121.198,25755.039,1576.537,701.088,667.398,16197.557,967.401,62.624,61.713,2686024.796,382.32,22.791,12.064
2013-12-31,456.172,678.134,6533.216,1523.607,2.376,488.204,3136.651,1545.003,272.495,23.016,10.704,6353.21,1.069,160427.469,369.672,2.657,2835.322,52.956,38.497,25.111,76.457,1180.237,12.216,53.691,4108.476,1706.476,37427.23,10466.085,1694.941,137.518,568.777,5018.581,114125.814,17915.638,492016.053,143.773,9222.351,1550.502,2478.09,264.492,13.917,3553.645,1557.705,113.213,1.177,417.053,66.723,609.412,9.607,5020.712,8.747,12.831,555.839,5.169,157.567,1813.704,5086.344,23.18,12.926,2486.434,31.739,160.981,1.885,221.586,8874.316,364.623,358.331,15.026,176.782,2022.237,21984.684,908.293,61565.416,2770345.1,516509.419,73158.0,162.303,967.388,1365.227,9347.417,734.627,525390.2,10.857,17237.803,1671.238,0.165,20.606,36.52,39724.052,14.747,46297.833,12.157,0.885,33.45,86.606,33.939,371.504,7299.745,717.012,786.694,21.298,1793.737,5.778,434.52,199.3,13404.644,10.877,6144.175,2.555,715.788,175.274,48709.523,48.966,695.203,543.095,150.606,152.602,2354.314,13444.738,2850.12,13.93,9866.547,27.851,14.416,26710.182,250.57,6763.768,1339.349,153.621,362.045,349.704,43441.04,2870.353,1.456,2.954,1.442,1.096,1.357,1129.603,1272.446,5472.597,2953.286,7.297,9810.575,324.592,65.587,23.486,4.466,1993.433,1134853.2,23.188,1014.825,3267.438,101.889,10.411,13.796,3603.972,558.376,,0.199,20489.749,5038.842,8.055,1.24,1338.517,0.791,89.237,54.397,122.723,41.086,0.034,1074.403,24214.52,1532.431,688.622,649.309,15761.3,904.113,60.506,62.023,2543584.087,363.85,21.237,11.573
2012-12-31,440.336,673.42,6361.196,1464.17,2.365,468.301,3039.694,1508.339,271.545,21.754,10.207,6007.345,1.076,158996.5,368.755,2.615,2683.819,50.458,36.046,24.813,73.56,1153.882,12.369,53.233,3847.365,1633.433,34973.729,10001.177,1661.559,136.844,889.369,4842.748,109498.443,16639.213,471892.0,138.886,8501.364,1483.417,2394.353,267.172,14.806,3584.924,1551.026,107.822,1.168,400.658,64.01,596.89,9.456,5278.88,8.632,12.725,506.533,5.016,159.772,1808.82,4803.562,21.796,12.521,2473.144,30.099,167.436,1.858,214.093,8653.87,363.537,341.905,14.407,172.369,1964.414,21742.739,882.984,58998.5,2618938.4,525255.0,70201.3,162.855,936.209,1391.018,8648.383,731.007,517424.8,10.515,16269.51,1583.205,0.16,20.438,33.039,36713.541,14.165,45839.439,11.493,0.82,36.916,83.879,33.288,360.323,7131.263,683.068,751.47,20.53,1763.207,5.642,407.4,193.307,13263.601,9.992,5498.482,2.472,684.691,163.58,45311.184,46.943,670.735,547.538,147.127,146.451,2273.565,12652.089,2828.754,13.258,9521.683,25.787,13.785,23637.329,238.59,6311.671,1318.905,155.726,341.12,337.944,42890.201,2733.669,1.432,3.0,1.412,1.1,1.401,1086.157,1225.891,5259.679,2882.478,7.047,8434.111,311.884,64.975,23.749,4.338,1956.444,1104214.7,18.64,1027.362,3045.143,98.584,9.945,13.422,3549.709,547.623,,0.185,19155.765,4898.189,7.907,1.144,1267.187,0.783,87.811,52.967,117.675,37.3,0.034,1025.623,22838.447,1505.993,688.28,623.114,15470.725,837.142,58.858,61.409,2412778.384,348.529,20.027,11.241
2011-12-31,386.368,664.778,6157.911,1391.947,2.301,459.571,2837.273,1456.092,269.201,21.293,9.871,5660.424,1.076,156290.5,369.258,2.514,2546.504,47.375,34.272,25.117,70.61,1142.099,12.253,52.922,3530.055,1570.334,32596.894,9563.275,1633.64,135.489,854.236,4447.692,103839.598,15456.403,452815.0,134.893,7933.495,1428.938,2277.433,272.263,15.172,3621.908,1556.61,102.843,1.182,385.664,60.883,583.957,9.277,5114.342,8.066,12.243,466.648,4.933,161.399,1808.569,4551.437,20.704,11.792,2451.178,27.892,179.998,1.892,207.931,8335.962,369.074,326.194,14.003,165.958,1934.433,22110.774,870.8,56330.5,2464566.1,556570.0,63650.4,162.6,905.847,1424.752,7879.563,734.535,510044.5,10.244,15494.772,1514.203,0.156,19.245,33.339,34033.736,13.463,45162.009,10.841,0.757,18.053,80.918,33.347,361.714,6956.959,670.425,711.35,20.351,1762.803,5.594,380.851,187.15,12764.45,10.066,4891.84,2.536,666.725,152.528,42228.504,44.699,639.695,554.453,143.431,139.206,2047.162,11870.585,2751.861,12.629,9123.771,23.274,12.748,23933.467,224.495,5908.999,1293.823,160.916,321.074,335.631,41479.885,2531.905,1.444,3.039,1.391,1.069,1.478,1044.382,1158.545,5084.128,2927.056,6.854,7323.584,306.071,63.825,24.369,4.137,1909.343,1082095.5,35.54,1044.522,2863.691,101.631,9.49,13.177,3517.065,541.938,,0.172,17913.803,4599.655,7.765,1.047,1196.453,0.778,86.731,51.126,115.175,33.575,0.034,982.725,22221.554,1502.216,687.232,599.521,15052.375,773.699,57.842,58.138,2292483.366,340.384,18.673,10.167
2010-12-31,362.857,644.914,5988.556,1339.459,2.35,422.136,2709.916,1419.447,261.781,21.273,9.668,5316.79,1.068,148081.3,362.84,2.462,2464.551,43.041,32.586,24.879,66.548,1111.72,11.846,51.966,3362.857,1507.18,30441.776,9186.437,1593.357,130.317,826.941,4444.01,98210.916,14141.28,424599.0,131.954,7423.873,1381.817,2179.148,272.904,15.106,3557.216,1540.111,98.444,1.18,369.117,56.481,573.767,9.076,4870.893,7.422,11.175,418.947,4.803,156.965,1772.639,4256.827,21.634,11.003,2370.599,24.252,193.765,1.878,199.474,8022.386,350.367,309.373,13.27,159.828,1846.077,21768.82,848.075,52823.9,2314458.8,542174.0,57751.6,159.148,866.23,1418.376,8270.408,724.359,512364.2,9.986,14413.741,1450.672,0.152,18.104,31.465,31500.909,12.784,44276.479,10.395,0.702,47.603,76.302,32.724,351.963,6852.096,642.492,676.655,19.113,1715.935,5.5,366.251,180.299,12277.659,9.425,4162.785,2.457,635.063,142.128,39872.546,42.296,618.529,549.265,140.803,132.013,2001.136,11057.266,2722.98,12.086,8801.394,20.994,11.519,22937.808,210.079,5701.54,1237.862,162.953,284.232,328.541,39769.784,2339.168,1.472,2.997,1.387,1.054,1.615,995.185,1067.094,4981.184,2881.891,6.352,6910.512,288.748,61.977,24.197,3.737,1843.008,1043666.3,,1043.978,2645.542,102.824,9.013,13.257,3416.863,532.407,1469.703,0.161,16828.563,4596.112,7.638,0.934,1141.748,0.764,89.029,52.136,105.886,29.261,0.031,946.021,20928.032,1485.616,653.302,562.768,14779.35,714.403,57.143,55.808,2157828.497,389.968,17.479,9.085
2009-12-31,334.621,621.305,5779.561,1295.319,2.571,386.704,2651.584,1388.263,257.231,20.268,9.266,4997.071,1.065,137442.181,354.602,2.389,2403.215,39.369,31.294,24.671,61.282,1033.835,11.546,51.762,3101.0,1434.69,28692.371,8889.232,1541.348,128.433,802.492,3913.66,92926.818,12803.681,408379.0,129.301,6933.087,1270.716,2076.283,279.248,14.91,3471.494,1519.044,95.127,1.165,342.564,54.558,545.68,8.954,4935.061,7.262,10.896,378.907,4.665,151.858,1742.584,4007.163,20.308,10.356,2282.568,22.454,203.841,1.887,193.91,7870.006,338.609,296.417,14.042,154.079,1729.06,21541.77,884.322,47908.5,2178850.332,511975.0,54720.8,160.859,819.793,1394.347,8072.726,734.997,489588.4,9.76,13433.123,1371.109,0.152,18.544,31.614,29132.161,12.953,40996.74,9.846,0.662,45.327,75.103,31.739,342.062,6842.634,603.09,629.885,17.853,1621.57,5.322,351.043,173.198,11680.75,8.801,3913.673,2.398,612.741,132.724,37849.595,39.799,590.107,541.0,137.949,127.398,1846.748,10240.478,2706.563,11.446,8579.987,19.538,10.698,20282.252,193.157,5297.24,1191.687,159.858,243.492,332.36,38057.21,2181.679,1.531,3.019,1.419,1.048,1.701,952.226,993.255,4777.359,2853.168,5.995,6559.702,250.954,59.35,23.897,3.466,1786.9,981625.1,,1046.099,2449.213,99.82,8.648,13.014,3206.61,517.134,1420.832,0.151,15721.301,4263.139,7.563,0.853,1097.1,0.741,88.842,50.661,97.003,26.806,0.032,930.475,19706.991,1461.361,627.571,516.552,14417.925,658.436,56.224,56.651,2027590.911,362.079,16.241,8.157
2008-12-31,277.498,601.368,5686.74,1264.801,2.878,383.444,3088.621,1367.148,267.452,18.544,9.036,4718.231,1.111,137246.557,364.819,2.382,2340.994,37.238,30.278,25.36,66.496,1037.24,11.754,54.761,3011.8,1382.13,28667.518,8726.186,1584.306,130.086,789.006,3755.312,93776.799,11723.458,401744.0,127.002,6740.638,1182.403,2097.588,300.096,15.192,3635.344,1610.288,90.571,1.179,331.127,54.25,521.315,9.243,5367.87,6.991,12.684,344.332,4.731,166.035,1799.206,4100.622,19.078,10.762,2404.855,21.592,210.44,2.021,192.895,7892.119,328.76,286.896,13.622,157.919,1772.651,23105.404,946.424,44163.5,2082456.121,492522.0,51716.6,171.829,809.689,1475.412,7780.942,760.777,518230.9,9.253,13273.837,1334.604,0.153,19.956,30.723,27099.194,15.739,37168.395,9.422,0.63,45.688,88.198,33.607,345.239,7092.57,553.112,639.565,18.526,1552.374,5.476,355.379,168.129,12256.863,9.362,3963.96,2.543,584.909,124.818,35998.015,40.239,564.517,561.597,139.901,130.235,1859.987,9574.139,2744.661,11.084,8549.148,18.813,10.079,21119.799,191.505,5237.101,1172.594,164.646,217.486,355.754,41276.8,2053.641,1.591,3.021,1.449,1.105,1.879,915.401,975.41,4664.33,2956.828,6.062,6356.545,252.472,62.432,25.958,3.638,1814.594,978498.9,,1087.787,2365.501,95.352,8.395,12.853,3376.365,527.348,1341.515,0.145,14828.345,4364.833,7.893,0.757,1060.0,0.718,92.921,49.133,101.922,25.257,0.034,977.43,18924.645,1541.039,736.586,505.207,14833.575,609.099,54.425,58.525,1923749.392,348.602,15.264,7.54
2007-12-31,267.177,559.223,5555.62,1111.257,2.834,359.17,2887.974,1331.397,263.665,16.736,8.506,4452.882,1.107,124438.152,361.26,2.293,2229.127,33.623,28.524,24.017,63.999,986.257,11.986,51.569,2846.4,1317.48,26869.523,8420.749,1565.9,121.974,773.125,3644.07,90899.462,10693.204,387983.0,125.776,6345.569,1119.994,2041.814,293.97,14.666,3526.071,1623.01,85.601,1.093,314.593,51.008,486.5,9.127,4781.13,7.75,13.233,309.687,4.682,165.549,1800.659,4030.789,18.043,10.518,2385.613,19.913,210.891,2.002,186.767,7520.821,318.5,281.335,13.508,151.508,1735.716,22900.865,935.312,42509.474,1964327.3,489699.0,48510.6,175.623,775.166,1492.671,7603.825,766.972,523685.8,8.629,12849.794,1314.528,0.149,19.473,28.562,25141.967,16.188,34068.19,8.966,0.594,44.501,85.702,33.855,328.951,6616.8,510.539,610.087,16.512,1478.754,5.272,343.305,159.338,12087.602,8.685,3639.988,2.379,553.959,116.837,34747.119,38.927,532.038,551.645,141.097,125.232,1696.302,9033.599,2743.981,9.794,8142.969,17.084,9.454,19857.065,174.408,5028.288,1115.412,164.66,184.838,331.4,39218.7,1847.444,1.538,2.886,1.455,1.059,1.818,839.243,899.602,4498.67,2848.058,6.195,6040.004,247.84,59.037,25.109,3.397,1751.165,956514.5,,1078.162,2232.656,92.537,8.061,12.555,3397.205,516.177,1284.035,0.134,13801.921,4259.026,8.081,0.66,1035.366,0.7,89.874,47.008,101.255,22.011,0.031,947.197,17137.543,1552.989,720.025,471.38,14876.8,558.807,51.126,55.591,1820667.101,336.334,14.443,9.021
2006-12-31,235.731,528.067,5374.35,906.46,2.647,330.565,2538.896,1273.627,254.243,13.389,7.855,4188.763,1.089,114491.28,351.135,2.266,2130.559,29.868,27.279,22.662,58.886,929.593,11.968,48.445,2734.3,1273.66,24379.725,8188.2,1535.071,111.679,739.072,3528.63,86400.966,9366.66,362938.0,125.161,5971.768,1138.0,1891.701,279.811,13.955,3334.815,1597.714,81.463,1.032,290.015,49.915,454.3,8.79,4225.989,7.641,12.311,277.013,4.723,157.164,1760.429,3790.73,17.411,9.363,2307.426,18.705,203.688,1.886,175.691,7390.912,308.617,262.88,13.071,142.679,1630.319,22875.615,882.495,38714.888,1847126.7,460387.029,47851.4,167.307,724.988,1467.965,7485.176,756.133,512452.0,7.977,11799.627,1228.612,0.139,18.372,26.314,23313.598,14.718,31140.941,8.551,0.526,41.843,78.056,31.763,309.895,6215.673,466.282,573.936,14.936,1417.813,5.065,339.829,150.496,11718.672,8.432,3301.636,2.149,539.365,108.907,31026.585,36.94,514.486,530.833,136.436,119.235,1644.251,8444.849,2673.102,9.177,7715.777,15.239,8.823,18835.856,160.145,4716.231,1044.537,160.855,156.662,311.709,36134.6,1716.424,1.467,2.847,1.413,1.04,1.697,822.822,848.743,4286.962,2702.6,5.61,5590.394,227.415,53.43,23.475,3.193,1659.121,910049.0,,1041.911,2090.565,85.292,7.669,12.13,3288.225,497.061,1215.082,0.125,12881.163,4054.504,7.966,0.591,1012.182,0.709,85.795,44.239,96.738,19.82,0.029,917.965,15858.718,1501.528,669.169,442.438,14615.2,510.326,48.611,51.117,1699501.269,325.468,13.601,9.334
2005-12-31,223.737,500.865,5285.319,750.784,2.348,304.764,2242.881,1240.36,245.243,9.955,7.377,3932.175,1.03,104097.947,342.016,2.164,2053.508,27.919,26.03,21.442,54.545,894.225,11.464,45.484,2573.4,1208.24,22009.106,7932.6,1495.853,102.347,705.415,3505.903,81645.453,8312.876,340156.0,123.626,5670.065,1071.2,1739.021,266.652,13.402,3116.056,1545.257,77.76,0.987,262.051,47.809,425.2,8.459,4173.414,7.715,11.182,248.355,4.637,150.524,1718.047,3864.467,17.217,8.56,2221.119,17.626,193.05,1.965,166.722,7210.876,302.162,250.06,12.783,133.886,1523.199,22018.283,842.807,35432.44,1750815.2,433462.864,43438.8,158.578,685.257,1436.38,7430.984,735.019,503921.0,7.38,10659.103,1155.516,0.145,17.087,25.523,21458.597,13.261,30650.533,8.214,0.485,39.289,72.402,30.27,295.053,5898.539,456.861,543.579,12.489,1347.063,4.938,304.931,143.997,11160.493,8.047,3041.406,1.979,500.525,100.207,27438.675,34.5,497.739,513.407,132.721,114.482,1554.015,7951.01,2613.297,8.696,7291.537,14.041,8.625,17971.924,148.64,4481.281,983.302,158.559,124.167,288.955,33410.5,1571.427,1.403,2.657,1.333,1.019,1.634,730.47,803.912,4183.614,2609.782,5.128,5362.948,208.764,49.314,22.178,3.07,1571.082,865240.9,,1001.118,1941.672,78.312,7.251,11.742,3152.746,479.088,1156.714,0.117,12068.089,3858.019,7.77,0.611,972.762,0.73,75.786,41.871,90.5,17.861,0.029,835.75,14814.398,1461.27,623.062,425.018,14235.575,474.722,44.819,46.524,1588645.953,315.466,12.804,9.68
2004-12-31,200.069,473.59,4990.859,622.473,2.19,279.141,1965.485,1202.714,239.494,7.875,6.91,3699.054,0.991,95148.668,336.13,2.102,1996.309,26.209,24.928,20.643,52.167,866.862,11.419,42.765,2368.2,1157.638,19434.074,7754.506,1449.988,96.727,688.427,3248.163,76803.272,7468.218,324866.0,118.609,5342.306,994.1,1642.346,255.708,12.904,2918.955,1508.375,75.414,0.99,239.836,45.407,407.0,8.168,3802.699,7.522,10.272,220.477,4.524,146.26,1687.23,3895.1,17.381,7.811,2202.49,16.625,188.746,1.735,161.458,7001.036,289.704,255.012,12.557,126.247,1418.405,21178.669,785.981,32422.087,1656516.8,414178.801,41607.8,149.488,653.137,1423.127,7292.397,728.508,497440.8,6.824,9716.594,1090.853,0.146,15.523,25.564,20098.595,12.044,29844.725,7.98,0.458,35.12,67.169,28.759,282.746,5630.038,445.417,517.813,13.676,1269.203,4.767,289.185,141.935,10832.004,7.488,2835.713,1.899,486.048,92.452,24160.363,33.661,481.004,503.111,128.549,109.781,1433.385,7544.188,2547.297,8.363,6692.079,13.099,8.299,17596.504,139.141,4276.941,948.977,157.34,115.512,277.431,31404.506,1436.695,1.291,2.668,1.294,0.953,1.596,718.737,749.525,3961.265,2475.992,4.704,5130.429,194.433,46.237,21.323,2.721,1492.33,832305.3,,966.446,1827.597,77.978,6.911,11.46,3056.148,466.516,1089.026,0.109,11239.734,3686.857,7.515,0.573,961.413,0.728,71.355,40.261,83.486,15.8,0.03,797.052,13466.727,1415.482,604.915,397.936,13774.0,443.665,42.561,42.172,1477160.846,298.76,12.154,10.486
2003-12-31,198.736,448.011,4785.099,559.864,2.122,256.302,1779.159,1155.471,233.449,7.147,6.459,3486.114,0.977,85382.666,325.473,2.008,1936.614,24.552,23.929,19.428,50.793,820.009,11.362,40.061,2266.7,1115.61,17612.816,7477.693,1405.861,92.185,670.773,2430.726,71915.187,6784.044,308418.0,118.894,5005.048,960.7,1575.249,245.569,12.38,2786.789,1474.513,73.375,0.965,236.73,41.961,391.0,8.019,2755.605,7.414,9.66,197.331,4.29,140.465,1645.361,3851.966,16.237,7.379,2187.308,15.786,180.847,1.746,156.524,6840.95,281.696,251.08,13.015,118.841,1304.88,20209.196,728.868,30041.901,1577171.3,390487.832,26047.7,143.463,622.634,1398.916,7179.001,718.99,485968.3,6.286,8865.505,1038.034,0.141,14.015,23.885,18779.998,11.067,28408.421,7.762,0.44,33.62,62.559,27.553,270.241,5348.849,422.122,484.921,12.158,1241.165,4.781,274.946,136.084,10385.857,6.974,2563.347,1.819,463.778,85.696,21274.543,29.983,459.488,492.105,123.105,104.243,1445.314,6822.071,2450.406,8.087,6226.156,12.183,8.252,16910.379,132.545,4008.469,900.83,154.922,96.891,255.72,29308.55,1337.112,1.242,2.489,1.237,0.915,1.526,687.47,712.019,3741.604,2264.658,4.842,4812.099,178.119,44.011,20.424,2.517,1427.322,795558.3,,935.96,1733.222,73.145,6.441,11.136,2931.982,455.488,1018.708,0.099,10423.735,3467.854,7.449,0.571,941.463,0.72,66.1,37.996,76.338,13.776,0.03,727.46,12728.073,1371.948,539.621,380.292,13270.025,413.096,40.929,35.653,1370413.265,287.345,11.531,11.21
2002-12-31,183.26,423.557,4463.712,541.935,2.007,235.236,1559.952,1121.273,231.444,6.469,6.076,3295.744,0.958,79816.528,322.869,1.837,1863.011,22.5,23.298,18.706,48.548,810.711,11.042,37.971,2102.5,1088.721,16232.128,7187.947,1379.305,85.752,719.974,2118.802,69559.299,6165.89,296789.0,116.023,4740.624,952.95,1480.435,233.053,12.153,2685.643,1468.875,71.109,0.896,237.331,40.849,378.9,7.839,2418.146,7.616,8.964,201.561,4.247,137.694,1630.693,3787.543,15.193,6.642,2195.816,15.018,170.7,1.595,152.661,6759.832,280.6,252.728,12.968,113.672,1266.181,19459.907,711.547,27852.582,1505216.4,361366.146,,138.304,613.574,1399.567,7301.459,693.562,477914.8,6.034,8111.167,1008.463,0.136,11.944,22.323,17681.983,10.28,27933.55,7.503,0.615,29.748,56.729,27.101,262.828,4872.117,399.998,458.386,10.651,1153.327,4.747,260.38,128.401,10240.173,6.541,2395.547,1.775,436.222,80.475,18687.453,28.759,442.049,490.459,118.132,101.68,1350.068,6183.026,2426.482,8.058,5945.199,11.691,7.905,16209.987,127.402,3818.666,867.292,156.347,93.416,242.995,27326.529,1308.298,1.299,2.373,1.152,0.881,1.469,644.088,661.364,3507.209,2209.331,5.145,4401.581,170.318,42.005,19.843,2.363,1386.435,773868.5,,907.922,1636.036,67.58,6.065,10.892,2865.063,455.392,1039.888,0.09,9752.178,3237.042,7.545,0.584,897.021,0.71,57.759,36.025,72.52,11.765,0.031,668.618,11989.647,1319.829,492.804,371.643,12909.725,396.445,39.246,38.65,1276689.256,276.966,10.969,13.428
2001-12-31,,406.362,4227.0,473.172,1.957,263.997,1358.76,1078.734,227.59,5.982,5.879,3143.451,0.951,75983.737,318.538,1.748,1783.778,20.545,22.733,17.806,45.77,789.735,10.63,36.284,2014.8,1063.687,15230.146,6910.886,1341.712,81.449,718.048,1952.972,68081.862,5652.524,289539.0,111.4,4604.883,911.2,1438.682,222.213,11.9,2629.135,1462.064,68.881,0.914,224.346,39.241,367.203,7.66,2024.183,7.394,8.412,198.321,4.118,135.214,1615.685,3813.26,15.702,6.295,2195.149,14.35,165.023,1.542,146.978,6489.42,284.434,249.856,13.001,109.559,1245.546,18620.832,710.56,26831.903,1440405.7,334104.162,,131.197,613.996,1393.278,7418.189,688.913,476535.1,5.704,7387.219,1002.993,0.135,11.595,22.328,16546.06,9.596,27015.039,7.356,0.588,30.036,53.098,26.037,260.604,5562.284,393.329,434.939,10.039,1105.704,4.634,257.555,126.345,10226.683,6.067,2287.29,1.742,422.221,73.673,16681.425,27.444,441.518,490.085,112.628,100.919,1281.656,5102.47,2390.532,7.895,5765.774,11.436,7.75,16213.459,121.317,3684.339,854.951,155.161,87.156,231.254,26088.927,1155.821,1.284,2.38,1.086,0.829,1.464,631.522,660.52,3484.393,2117.419,5.084,3481.564,163.45,40.165,19.111,2.431,1337.382,722229.0,,883.99,1631.218,63.913,5.846,10.702,2795.636,454.549,981.983,0.082,9100.275,3073.601,7.346,0.626,905.37,0.69,53.512,35.423,68.309,10.163,0.029,652.734,11199.318,1290.216,468.445,399.836,12684.45,381.197,41.398,42.405,1192272.647,266.48,10.617,14.551
2000-12-31,,376.469,4103.883,458.758,2.048,276.173,1241.239,1051.193,225.655,5.618,5.736,2998.514,0.976,72562.711,315.986,1.664,1679.702,19.248,22.356,17.395,45.655,779.486,10.346,34.837,1889.9,1046.264,14082.638,6612.385,1319.435,76.739,715.214,1749.063,65880.423,5219.305,284761.0,107.811,4703.668,877.82,1423.36,214.374,11.439,2550.148,1451.831,67.668,0.909,220.359,37.726,354.703,7.531,1238.943,6.799,7.915,184.625,4.038,132.195,1586.562,3733.013,14.848,6.013,2159.781,13.733,158.377,1.574,143.533,6253.719,278.945,244.333,13.138,106.654,1238.599,17954.331,683.747,25597.107,1389769.9,322278.434,,124.968,615.115,1367.801,7416.751,680.201,474847.2,5.419,6508.563,960.126,0.134,11.57,21.204,15814.953,8.939,26001.0,7.096,0.572,30.575,49.764,25.397,272.956,5248.416,410.344,432.699,9.704,988.513,4.634,250.315,122.41,10288.982,5.716,2221.69,1.723,392.574,65.631,14981.886,27.126,417.991,480.825,109.865,98.017,1186.278,4717.332,2343.945,7.479,5654.536,11.371,7.753,16349.823,121.057,3580.714,844.769,152.156,83.886,218.827,24825.054,1065.425,1.22,2.467,1.068,0.768,1.387,612.745,656.924,3331.768,2010.844,5.202,2946.235,165.359,38.813,18.566,2.641,1301.773,694628.1,,852.691,1656.815,59.195,5.573,10.58,2760.786,448.968,947.13,0.075,8585.338,3008.401,7.158,0.538,920.342,0.669,51.371,33.785,72.436,8.441,0.029,640.883,10296.759,1262.629,428.871,414.169,12565.175,365.832,42.854,41.013,1115369.054,256.715,10.121,14.642
1999-12-31,,350.857,3953.645,445.344,1.983,278.369,1172.611,1019.705,217.672,5.288,5.36,2839.514,0.955,68632.703,304.799,1.472,1601.827,18.077,21.809,16.655,43.117,747.31,10.059,33.054,1836.024,1055.306,12947.472,6348.906,1255.133,71.54,701.878,1764.586,63061.924,4813.468,276668.82,106.305,5052.275,816.0,1398.197,205.775,10.893,2447.696,1402.347,67.387,0.9,208.562,37.319,336.583,7.372,1048.053,7.757,7.197,174.294,4.111,125.513,1530.247,3804.662,14.071,5.898,2090.825,13.181,151.589,1.482,139.994,6078.365,259.46,247.665,13.025,100.857,1147.368,17226.472,655.422,24650.292,1333766.602,306513.915,,112.941,566.088,1319.588,7776.763,674.961,464364.3,5.198,5927.653,954.407,0.127,11.053,20.118,14874.293,8.458,25718.101,6.716,,29.49,48.025,23.42,261.105,5024.482,407.187,398.139,9.262,1021.98,,245.767,114.19,9771.44,5.598,2196.517,,386.42,64.64,13171.36,26.063,393.9,462.594,105.56,94.155,1217.74,4479.128,2269.831,7.147,5441.961,11.07,7.948,16737.144,117.587,3429.435,810.254,146.423,77.652,212.617,22558.867,1000.431,1.145,2.394,1.047,0.733,1.357,610.01,626.449,3228.489,1910.462,4.99,2838.177,151.646,38.289,17.806,3.081,1249.847,638458.0,,811.678,1562.678,47.878,5.579,10.368,2643.109,433.069,925.884,0.069,8181.67,2871.98,6.873,,929.313,0.662,47.76,32.392,67.841,7.118,,570.543,9765.812,1209.852,404.856,421.656,12071.35,352.439,40.457,39.555,1044477.056,241.769,9.772,
1998-12-31,,318.671,3831.051,431.368,1.89,288.123,1136.579,978.908,210.231,4.747,5.058,2693.503,0.951,66455.554,294.379,1.354,1520.604,16.916,21.717,15.039,39.254,745.403,9.761,32.318,1728.158,1066.065,11569.565,6081.327,1195.396,63.955,677.791,1776.718,63512.286,4472.659,288810.456,104.297,5277.636,837.629,1291.969,207.561,10.391,2407.271,1367.337,65.424,0.885,195.437,39.176,317.203,7.127,834.012,7.743,7.218,164.363,3.764,120.799,1481.477,4178.338,13.225,5.729,2055.012,12.591,146.575,1.377,135.01,5816.034,241.053,240.485,12.681,102.799,1118.773,16692.69,629.646,22646.994,1323297.65,300698.961,,101.775,548.045,1300.714,7637.827,668.405,465291.7,5.028,5771.814,931.974,0.131,11.253,19.4,14283.662,8.22,25925.505,6.691,,29.354,48.521,21.601,250.226,4798.968,393.261,375.116,8.638,966.884,,230.399,109.148,9517.604,5.793,2131.085,,384.385,59.65,11871.959,25.383,376.999,441.894,100.869,87.966,1205.755,4457.986,2225.203,7.191,5223.424,10.653,7.804,16968.954,116.522,3326.902,775.183,140.692,74.462,215.091,21211.691,951.648,1.102,2.308,1.01,0.737,1.245,595.132,631.172,3035.803,2150.77,4.898,3089.064,142.797,38.275,16.906,3.096,1221.053,576586.8,,774.906,1444.968,39.154,5.629,10.092,2525.428,427.106,955.713,0.066,7902.709,2749.684,6.415,,905.639,0.646,44.212,30.553,70.203,6.11,,549.915,9029.136,1175.317,405.677,434.54,11513.425,337.909,40.321,42.066,996889.672,232.973,9.559,
1997-12-31,,282.76,3645.235,431.368,1.801,277.441,1069.509,932.343,202.563,4.478,4.824,2564.169,0.917,61226.992,288.809,1.305,1462.668,16.023,20.677,,35.567,745.139,9.816,31.04,1610.47,1017.703,11017.686,5788.989,1147.894,58.992,652.315,1661.236,61503.081,4147.751,287174.183,103.109,5370.925,807.45,1191.877,202.453,9.895,2412.965,1338.421,65.359,0.862,182.633,37.936,294.955,6.869,673.816,7.593,6.764,171.292,3.719,115.025,1433.064,4037.907,12.417,5.569,2021.535,11.979,141.807,1.221,129.092,5561.054,330.913,244.661,12.41,99.9,1190.519,16039.334,592.236,21327.983,1523250.571,292677.857,,93.431,525.719,1282.146,7312.282,676.591,474802.7,4.881,5883.603,901.936,0.122,10.855,19.001,13684.303,7.783,24952.363,6.343,,29.465,45.084,20.284,242.043,4618.074,389.132,404.915,7.867,925.943,,224.172,100.528,9090.197,6.199,2062.208,,356.987,53.34,,24.408,366.223,425.211,100.702,84.818,1069.768,4340.124,2166.582,7.002,5047.083,10.084,7.455,16957.418,117.294,3346.2,738.399,133.816,66.951,225.977,22409.446,878.391,1.091,2.215,0.956,0.729,1.158,580.616,613.773,2866.705,,4.78,3115.152,145.965,36.675,16.332,3.057,1214.768,611528.9,,741.759,1430.106,31.905,5.543,9.823,2423.52,415.739,905.429,0.063,7620.12,3072.615,6.125,,926.896,0.625,40.893,29.108,68.097,5.726,,545.599,8697.916,1134.837,413.178,416.704,11022.875,323.95,39.852,41.943,942552.998,219.772,9.74,
1996-12-31,,314.878,3605.574,408.88,1.706,256.626,1034.468,895.925,197.992,4.113,4.714,2435.01,0.876,54973.251,278.409,1.26,1383.338,15.203,19.701,,32.414,720.812,9.963,32.966,1514.783,1013.514,10431.459,5508.077,1101.062,54.805,606.743,1572.345,57691.735,3794.935,277649.974,98.938,5678.044,812.527,1128.905,192.15,9.673,2433.713,1296.939,65.851,0.845,169.098,36.363,278.472,6.589,269.555,7.038,6.053,165.431,3.805,108.306,1402.437,3818.771,11.834,5.036,1986.0,11.384,136.83,1.161,123.952,5287.115,310.707,230.411,12.083,95.149,1133.22,15552.965,564.501,20497.856,1454873.64,283095.628,,83.966,509.495,1258.66,6916.51,687.879,467345.7,4.724,5785.253,899.955,0.119,10.593,17.289,12800.197,7.099,22644.871,6.132,,29.645,41.69,19.147,238.817,4453.582,365.083,377.287,7.126,879.056,,233.621,96.912,8498.459,6.099,1984.864,,365.119,48.018,,23.314,347.919,407.765,98.345,81.582,1064.488,4221.818,2056.176,6.594,4962.585,9.322,7.96,16267.275,109.76,3181.241,689.535,128.168,51.496,240.537,22104.156,764.483,1.016,2.212,0.926,0.724,,574.888,598.264,2779.861,,4.26,3780.334,134.521,35.115,15.56,3.085,1183.445,578186.5,,714.153,1345.376,19.671,5.243,9.51,2359.612,407.419,915.408,0.062,7360.637,3115.338,5.484,,892.888,0.645,37.974,27.607,63.33,6.456,,502.611,8246.674,1087.525,426.729,396.681,10549.475,307.937,37.988,39.431,871510.202,208.847,9.429,
1995-12-31,,288.614,3473.578,340.733,1.608,243.186,983.622,859.109,193.226,4.011,4.565,2318.761,0.842,53543.176,274.499,1.242,1325.998,14.316,18.877,,31.036,705.642,9.684,35.849,1364.488,1101.662,9895.862,5245.788,1082.874,51.367,660.161,1539.774,53738.189,3449.673,272056.879,100.282,5741.984,779.1,1118.984,181.555,9.501,2328.028,1261.19,68.677,0.82,157.842,35.744,265.518,6.479,161.817,6.448,5.727,146.196,3.633,104.558,1387.623,3685.182,11.148,4.558,1969.929,10.89,133.678,1.11,120.579,5027.836,297.053,213.432,11.603,91.862,1087.618,15527.983,538.723,19058.993,1349376.509,264326.494,,76.54,483.253,1244.539,6396.14,689.556,455457.9,4.628,5756.471,865.249,0.116,10.529,16.146,11974.84,6.827,21765.918,5.858,,28.884,39.615,18.861,235.985,4359.666,331.958,342.982,6.532,818.625,,220.774,96.656,8026.898,6.48,1941.47,,325.369,41.835,,22.789,330.289,394.332,94.446,76.715,1012.935,4021.02,1956.103,6.408,4655.373,8.682,7.467,16015.23,107.064,3005.541,649.041,123.692,49.338,231.401,22931.469,685.048,0.96,2.175,0.916,0.674,,566.393,578.683,2725.03,,3.873,5026.149,124.988,32.836,15.019,3.036,1134.582,539423.9,,697.271,1275.813,18.502,5.177,9.194,2322.174,405.453,889.039,0.065,7040.678,2941.736,5.235,,829.337,0.645,35.476,25.765,59.183,6.92,,477.131,7558.691,1050.837,473.36,375.723,10163.7,302.79,37.124,39.509,797064.23,199.596,8.817,
1994-12-31,,265.027,3344.877,296.29,1.692,250.308,910.484,834.28,188.204,4.612,4.479,2213.194,0.825,60217.958,268.105,1.234,1250.408,13.501,18.034,,28.736,675.793,9.269,36.432,1290.707,1196.408,9296.873,5077.99,1054.01,47.787,629.195,1551.8,48637.432,3109.916,258603.209,96.788,5704.295,749.24,1076.765,170.26,8.643,,1223.682,71.159,0.807,149.622,34.956,254.123,6.089,137.733,6.302,5.606,137.763,3.462,100.572,1359.784,3510.571,11.54,4.442,1935.562,10.466,130.929,1.08,115.481,4803.051,284.493,203.162,10.558,88.261,1063.236,15143.167,538.095,17717.019,1246882.31,257495.935,,69.84,440.707,1209.618,6058.574,672.598,446779.9,4.358,6270.665,829.682,0.117,10.386,17.131,11186.739,6.973,20438.867,5.756,,32.972,,18.595,238.61,4287.693,291.627,312.285,6.084,799.796,,201.033,92.542,8517.387,6.574,1825.094,,348.284,40.919,,22.077,319.217,382.416,90.645,72.432,1084.644,4033.422,1877.276,6.113,4431.073,8.533,7.733,14992.331,98.577,2871.206,608.128,120.902,48.182,215.983,23911.855,550.058,0.927,2.129,0.846,0.633,,555.287,577.52,2586.314,,3.854,5586.161,116.508,30.439,14.428,2.757,1100.3,495199.4,,669.666,1207.837,17.961,5.121,8.763,2234.18,403.513,843.305,0.074,6797.957,2692.973,5.076,,776.745,0.617,34.126,25.174,55.213,7.456,,447.675,6791.733,1014.974,538.78,381.242,9894.7,305.54,36.755,38.007,727643.546,188.887,9.073,
1993-12-31,,242.255,3375.254,292.374,1.594,236.52,863.837,796.847,183.789,5.742,4.34,2117.621,0.809,68197.008,259.724,1.232,1225.645,13.043,17.23,,28.964,641.569,8.986,37.818,1273.954,1244.045,8593.779,5207.927,1005.693,44.69,605.071,1470.984,46029.21,2750.174,245943.638,102.18,5933.753,792.789,1028.138,160.774,8.162,,1159.609,71.836,0.79,146.254,33.529,243.909,5.742,118.055,5.212,5.7,133.122,3.295,97.062,1329.896,3384.898,11.114,,1887.848,10.115,128.362,1.049,111.559,4618.289,275.797,187.278,11.943,89.426,1002.927,14709.651,519.353,16610.911,1159459.733,258401.767,,65.953,411.834,1184.147,6048.207,660.219,442954.64,4.151,7173.013,809.2,0.115,9.562,21.362,10342.754,6.823,18919.661,5.447,,32.346,,17.911,242.984,4289.499,325.162,285.946,5.659,772.285,,207.381,88.265,8132.915,9.513,1786.954,,315.595,38.545,,20.999,294.973,371.418,85.689,68.983,1042.88,3997.058,1786.875,5.887,4245.602,8.296,7.299,14235.309,87.375,2750.524,577.854,119.128,47.508,207.812,27390.441,946.58,0.88,2.095,0.871,0.595,,543.333,573.706,2586.762,,3.951,5397.258,105.366,28.661,13.702,2.551,1065.83,455264.2,,654.389,1129.391,17.604,4.959,8.558,2147.989,398.454,799.085,0.094,6693.075,2470.908,4.943,,681.748,0.605,32.951,24.398,58.399,9.016,,416.974,6381.564,967.071,697.594,355.367,9510.775,322.299,33.695,38.922,668583.184,176.99,10.463,
1992-12-31,,221.035,3447.743,384.619,1.517,222.605,1005.093,765.858,182.826,7.466,4.033,2029.853,0.803,73806.286,262.247,1.16,1158.059,12.64,16.524,,27.842,612.973,8.959,42.793,1231.333,1326.788,8259.91,5377.762,982.712,41.646,613.903,1502.139,43047.764,2413.189,232658.46,99.198,6857.317,800.632,957.176,174.754,8.105,,1160.649,76.957,0.775,136.402,32.871,237.035,5.348,106.324,4.617,,117.43,3.211,97.846,1338.83,3256.383,10.473,,1907.145,9.664,130.449,1.074,107.832,4396.34,270.254,173.082,12.562,84.182,945.772,14794.885,512.62,15857.554,1073610.669,262538.835,,64.462,396.867,1194.332,5353.066,645.94,442198.204,3.973,7899.794,809.967,0.114,7.148,24.556,9769.589,7.7,17681.972,5.273,,33.611,,17.189,262.685,4201.275,296.432,260.198,5.368,743.775,,195.876,80.041,7929.094,9.629,1845.432,,318.829,35.438,,21.345,284.046,366.805,81.435,69.26,1027.981,3915.215,1739.122,5.546,4158.407,7.867,6.175,13565.66,83.401,2693.521,554.098,119.953,48.146,204.686,30000.483,1056.193,0.835,2.044,0.856,0.585,,537.422,573.553,2553.546,,3.682,5394.329,94.516,,13.328,2.453,1052.842,428164.0,,663.1,1083.042,16.58,5.347,8.307,2156.615,398.956,743.967,0.106,6613.303,2282.572,4.928,,814.791,0.606,33.437,23.875,54.052,10.018,,417.094,5895.65,934.454,818.766,346.167,9256.675,330.042,33.449,38.815,618611.54,170.179,10.471,
1991-12-31,,238.185,3393.448,408.466,1.504,201.819,,745.648,179.077,,3.765,1936.86,0.851,,258.293,1.035,1124.791,12.382,16.256,,27.901,615.849,8.552,46.731,1228.474,1313.554,7714.552,5546.953,974.186,40.415,634.354,1467.047,38363.845,2112.372,222952.758,91.401,7658.528,780.253,876.92,,7.411,,1138.165,76.95,0.755,123.426,31.725,236.326,4.973,78.907,,,128.913,3.026,101.382,1319.332,3360.102,10.029,,1878.895,9.285,129.542,1.074,103.048,4257.029,267.442,160.621,12.851,79.699,891.456,15262.558,530.519,15033.366,1008466.476,251833.228,,62.234,370.368,1184.451,5366.482,628.483,438605.891,3.474,,818.812,0.114,4.744,,9130.511,,16921.381,4.911,,34.548,,16.881,,4152.242,319.889,238.963,5.042,768.641,,192.466,72.491,7655.833,,2033.678,,332.214,37.395,,19.534,272.838,360.652,80.83,68.984,1099.638,3898.307,1679.767,5.112,3865.782,7.271,5.425,13339.367,83.76,2684.458,543.058,116.312,43.246,224.353,,990.8,0.81,1.888,0.8,0.562,,533.686,548.182,2522.204,,3.435,5970.235,88.307,,,2.176,1075.833,404824.9,,657.507,1035.3,17.264,5.358,8.056,2182.421,399.131,656.946,,6574.908,2111.862,5.1,,842.416,0.63,33.997,22.146,51.0,,,404.572,5736.21,922.51,,320.728,8938.875,,32.606,36.597,569100.445,157.271,10.26,
1990-12-31,,330.812,3434.663,404.456,1.464,182.645,,754.818,173.119,,3.681,1858.729,0.886,,253.644,0.929,1079.187,11.804,15.443,,26.262,609.561,8.291,52.363,1126.317,1241.767,7170.185,5763.909,995.003,39.856,647.321,1328.819,35540.263,1934.78,217787.02,96.613,8364.993,762.0,857.514,,7.356,,1123.554,,0.739,122.271,30.181,231.465,4.801,79.722,,,138.941,3.111,107.869,1305.76,3166.218,9.817,,1789.23,8.84,125.647,1.047,99.977,4195.984,254.467,151.493,12.691,77.189,843.427,17322.564,531.709,14876.15,942929.454,223664.17,,61.229,354.021,1167.693,5364.336,623.284,424494.255,3.419,,807.99,0.117,8.041,,8779.448,,12244.125,4.799,,29.872,,15.538,,4431.722,294.205,218.137,4.717,704.84,,192.466,68.142,7347.7,,2239.701,,310.777,35.095,,18.543,256.508,352.065,81.894,69.091,1072.924,3922.543,1629.045,4.821,3667.141,6.645,4.952,13013.047,82.032,2700.073,583.968,112.52,43.977,257.661,,1035.318,0.792,1.891,0.789,0.576,,527.353,502.44,2459.348,,3.343,6488.857,82.928,,,2.053,1086.901,368985.8,,641.311,962.607,15.707,5.213,7.917,2206.237,402.82,593.303,,6441.452,1953.4,5.373,,840.513,0.595,33.109,21.314,50.532,,,396.09,5635.979,934.589,,309.766,8945.425,,31.611,33.352,537856.45,147.959,10.329,
1989-12-31,,367.569,3392.201,418.909,1.431,185.121,,738.126,165.909,,3.431,1776.943,0.916,,245.928,0.835,990.296,10.819,14.759,,24.141,636.076,8.202,57.605,1133.15,1200.259,7090.918,6142.346,993.087,39.582,672.929,1287.59,34281.67,1863.249,208844.311,91.933,8953.058,754.43,827.717,,6.849,,1105.78,,0.695,129.324,29.3,226.152,4.58,81.149,,,135.418,2.94,107.299,1272.42,3011.241,9.288,,1692.367,8.554,125.647,0.996,96.97,4022.068,243.324,156.194,12.747,77.114,811.78,17950.222,525.563,14096.146,879258.372,186994.541,,56.846,331.999,1144.208,5423.452,594.31,402088.294,3.429,,775.916,0.113,10.901,,8229.209,,14142.193,4.507,,28.8,,14.753,,4297.265,278.36,200.112,4.916,658.638,,,64.957,6986.874,,2296.791,,298.725,34.748,,,245.145,337.929,81.887,69.183,1087.149,3478.48,1598.237,4.448,3510.618,6.147,5.105,12647.373,86.431,2620.49,629.078,104.321,51.522,272.982,,1030.999,0.751,1.711,0.74,0.616,,538.954,463.812,2476.077,,3.111,6385.991,75.317,,,2.009,1090.366,337598.1,,617.556,906.635,15.979,5.293,7.213,2183.772,388.542,537.618,,6017.698,1750.0,5.317,,793.707,0.568,32.617,19.906,46.252,,,320.559,5292.127,917.871,,308.848,8776.975,,28.301,31.326,512012.702,,10.389,
1988-12-31,,334.762,3236.833,418.735,1.34,199.069,,704.831,159.702,,3.286,1703.713,0.884,,237.682,0.723,1019.338,10.188,14.22,,23.065,616.353,8.025,57.894,1109.297,1184.279,6862.597,6253.006,967.738,37.448,662.636,1262.937,30994.714,1789.865,201949.559,94.953,9067.317,622.111,783.333,,6.337,,1099.48,,0.703,123.873,29.217,219.581,4.536,82.159,,,136.04,2.581,102.132,1221.276,2608.704,8.902,,1628.639,8.178,121.047,0.939,93.291,3867.244,236.408,164.319,12.893,73.917,794.135,17818.999,524.208,13304.86,818238.886,176075.706,,53.824,327.354,1106.708,5268.044,567.632,381596.006,3.841,,742.119,0.115,8.658,,7488.394,,24465.494,4.22,,26.866,,13.437,,4129.012,274.666,183.488,4.498,588.394,,,61.382,6709.746,,2204.575,,291.821,32.627,,,234.976,323.624,81.494,70.375,1076.843,3267.185,1582.57,4.32,3344.719,6.052,5.179,11952.118,99.83,2467.381,605.978,97.818,48.929,289.789,,1093.386,0.708,1.579,0.718,0.582,,522.57,438.977,2381.35,,2.821,6084.688,68.328,,,1.927,1064.864,316245.1,,588.126,886.682,15.755,5.174,6.388,2125.405,372.414,572.342,,5799.004,1559.804,5.197,,762.446,0.562,32.889,19.406,46.135,,,276.982,4973.65,894.656,,305.476,8465.425,,27.874,36.391,474964.97,,10.784,
1987-12-31,,339.515,3299.524,394.553,1.268,203.042,,676.076,158.182,,3.102,1663.974,0.854,,226.962,0.652,985.557,8.853,13.818,,18.688,614.728,8.054,56.537,1048.528,1127.548,6260.579,6786.767,921.879,35.329,651.446,1174.339,28889.307,1608.145,194062.521,92.468,9025.387,510.312,757.34,,5.85,,1101.051,,0.654,121.259,26.444,211.148,4.452,80.034,,,135.263,2.495,97.07,1166.813,2520.487,8.753,,1569.99,7.476,116.07,0.91,89.796,3637.769,231.867,174.771,12.821,70.659,732.295,17830.636,524.679,12136.395,773530.001,204882.042,,52.257,316.089,1062.157,5208.666,591.237,356143.52,3.786,,699.512,0.106,9.626,,7649.024,,34078.725,3.877,,24.973,,12.388,,3992.974,266.208,166.902,4.137,590.306,,,56.486,6625.857,,2096.682,,264.295,30.154,,,218.183,314.258,80.968,80.337,1007.608,3038.04,1585.31,4.104,3107.752,6.987,5.032,11288.253,110.215,2311.309,586.703,92.859,46.732,291.246,,1090.159,0.642,1.368,0.625,0.566,,512.33,405.618,2395.542,,2.678,5961.985,61.516,,,1.903,1021.942,283220.3,,558.607,863.385,15.097,4.669,5.995,2071.512,360.595,507.753,,5476.017,1376.847,5.083,,692.352,0.582,34.23,19.392,45.177,,,284.444,4592.713,847.454,,301.06,8123.925,,28.354,34.167,451917.123,,9.869,
1986-12-31,,342.254,3322.784,379.076,1.164,198.034,,644.541,155.567,,3.14,1616.587,0.833,,221.845,0.535,1006.434,7.364,13.486,,16.266,593.363,8.029,53.999,1051.012,1068.74,5151.403,6936.079,884.269,33.87,680.642,1133.02,27105.544,1440.99,184174.327,90.978,8790.58,498.706,722.897,,5.46,,1097.869,,0.613,110.118,28.124,202.496,4.343,76.634,,,118.787,2.689,93.795,1139.594,2979.299,8.515,,1547.255,7.062,118.753,0.821,86.694,3521.56,219.571,174.999,12.877,66.64,645.73,17136.401,483.37,11673.499,737217.843,209453.758,,50.422,294.062,1029.302,5234.84,548.967,342092.327,3.7,,661.098,0.116,8.901,,7723.143,,29194.73,3.87,,29.278,,11.917,,3946.605,261.951,158.368,3.8,578.743,,,50.817,6512.766,,2024.96,,271.195,26.29,,,214.537,308.548,79.005,80.908,1006.72,3404.031,1557.581,4.275,2919.383,7.116,4.897,10846.528,102.299,2215.773,573.503,86.274,46.316,288.934,,1093.386,0.593,1.349,0.599,0.563,,527.795,421.467,2257.935,,2.554,5823.263,55.534,,,1.755,1000.915,252276.2,,528.438,851.014,14.18,5.12,5.231,2003.387,354.967,501.478,,5154.767,1257.177,4.901,,709.988,0.573,35.866,18.174,41.06,,,270.117,4416.07,805.91,,278.932,7852.1,,29.199,32.602,440684.609,,9.724,
1985-12-31,,324.104,3329.443,368.393,1.068,184.827,,629.139,152.01,,3.125,1554.634,0.792,,217.874,0.498,979.521,6.821,13.842,,14.976,551.737,8.258,51.281,973.562,1035.101,,6494.999,863.369,32.924,634.97,1069.226,25669.046,1324.439,174038.209,89.194,8394.344,487.29,684.975,,5.272,,1046.095,,0.573,106.372,27.28,193.297,4.335,78.463,,,108.291,2.522,91.384,1114.452,3043.206,8.318,,1510.736,6.77,118.141,0.757,86.607,3415.209,221.789,175.41,12.842,66.162,581.547,16877.342,454.849,11141.326,696306.308,231046.749,,50.209,283.979,1000.682,4995.076,513.053,332674.069,3.507,,617.952,0.118,8.199,,7367.373,,31315.831,3.674,,33.027,,10.836,,3870.73,262.514,156.564,3.499,532.904,,,46.705,6721.994,,1850.523,,250.41,26.909,,,205.169,299.198,77.6,81.738,946.591,3730.616,1496.979,4.185,2767.145,6.871,4.635,10818.116,91.251,2142.566,554.139,83.502,44.66,282.162,,1036.377,0.545,1.168,0.56,0.537,,560.483,401.987,2189.761,,2.535,5815.56,54.828,,,1.759,1000.737,224765.4,,510.905,816.075,12.899,5.246,4.659,1949.048,348.49,526.524,,4880.401,1191.255,4.777,,687.57,0.526,37.083,18.442,38.395,,,334.587,4374.673,772.661,,256.238,7585.7,,29.243,30.733,426370.898,,9.562,
1984-12-31,,329.039,3152.881,355.935,0.99,198.635,,596.587,148.674,,3.154,1498.528,0.784,,214.333,0.506,938.892,6.537,14.078,,13.906,511.338,,50.375,874.719,925.981,,6007.92,823.982,30.305,612.119,990.973,25173.56,1166.907,168793.612,87.445,8355.559,476.061,680.068,,5.033,,1005.624,,0.564,108.678,26.13,179.936,4.308,69.494,,,122.243,2.621,88.464,1096.791,2876.377,8.025,,1478.327,6.396,115.249,0.703,87.13,3252.582,212.645,174.771,12.745,63.502,577.417,16920.162,440.349,10585.151,679570.142,221750.714,,49.25,271.878,973.446,4821.502,517.712,312859.557,3.604,,593.769,0.126,8.563,,6751.526,,25193.768,3.519,,32.828,,10.261,,3826.483,251.04,157.947,3.075,543.489,,,44.555,6579.031,,1751.076,,235.516,26.642,,,193.291,291.457,76.67,85.218,878.767,3443.979,1421.172,3.654,2571.884,6.547,4.475,10414.867,89.384,2311.455,533.536,82.158,51.352,282.445,,992.814,0.512,1.045,0.536,0.507,,512.794,420.154,2120.146,,2.298,6235.885,55.187,,,1.816,1013.009,209140.6,,499.116,777.532,12.98,5.293,4.489,1906.775,336.142,490.72,,4693.729,1138.4,4.589,,662.928,0.498,38.677,17.453,36.826,,,343.243,4509.973,743.885,,252.512,7277.2,,28.953,30.469,403685.785,,9.445,
1983-12-31,,322.588,2985.683,335.788,0.901,194.74,,560.986,148.183,,3.027,1438.441,0.756,,209.174,0.454,935.152,6.074,14.106,,13.055,485.567,,48.159,860.943,924.546,,5590.445,778.704,29.201,556.918,941.486,23774.312,1012.94,163321.234,83.947,7969.481,465.015,629.527,,4.624,,965.409,,0.535,107.334,25.077,166.575,4.252,68.798,,,125.127,2.38,85.793,1080.64,2742.018,8.687,,1437.696,5.906,112.978,0.67,86.688,3207.674,201.559,171.12,12.72,60.858,525.377,16482.061,422.887,10195.604,635262.271,214612.566,,47.72,265.999,943.024,4919.9,512.842,299490.599,3.456,,584.417,0.12,8.137,,6343.132,,17437.638,3.348,,35.801,,9.798,,3760.295,238.239,146.57,2.62,538.11,,,44.127,6362.331,,1653.302,,225.726,28.494,,,176.23,282.64,71.75,86.573,1056.462,3515.037,1342.029,3.208,2447.894,6.375,4.519,10129.558,86.111,2494.116,535.496,83.023,44.273,266.457,,878.796,0.467,0.967,0.502,0.498,,545.702,433.543,2043.598,,2.203,6131.665,50.711,,,1.812,963.861,190371.7,,490.782,728.539,13.754,5.457,4.228,1827.959,326.324,524.824,,4672.023,1076.4,4.481,,626.106,0.346,41.037,16.507,34.474,,,328.618,4649.456,722.617,,255.301,6784.725,,26.423,28.956,372413.26,,9.61,
1982-12-31,,319.078,2832.716,322.253,0.852,187.731,,563.656,144.141,,2.83,1375.053,0.753,,208.524,0.428,954.237,5.659,14.701,,11.783,502.658,,46.757,871.4,891.426,,5232.332,758.101,26.662,592.637,814.019,24459.681,913.381,160790.463,81.429,7858.676,454.149,604.407,,4.391,,940.469,,0.524,102.586,25.799,152.995,4.187,65.52,,,116.024,2.485,83.281,1067.489,2688.253,7.653,,1415.687,6.117,114.209,0.652,88.936,3166.509,208.654,193.348,12.913,61.425,496.013,16363.756,432.184,9460.567,609697.839,194577.671,,48.071,259.294,934.489,5046.051,492.394,290596.21,3.534,,575.253,0.121,7.731,,6158.365,,14210.468,3.338,,37.571,,9.617,,3726.754,229.753,137.948,2.509,567.182,,,41.669,6592.673,,1562.783,,226.991,33.801,,,181.639,277.757,71.839,82.754,1098.92,3702.005,1292.006,2.767,2292.499,6.674,4.369,10447.433,94.971,2448.221,507.098,82.224,46.765,251.375,,828.779,0.476,0.93,0.485,0.495,,567.694,472.354,2158.572,,2.217,6229.832,46.709,,,1.745,981.994,169698.9,,482.804,705.167,13.965,5.75,4.178,1794.264,324.252,516.534,,4713.699,1019.5,4.196,,660.145,0.327,45.756,15.77,32.909,,,346.825,4432.308,695.937,,263.961,6484.325,,25.651,32.122,347747.377,,9.721,
1981-12-31,,310.085,2662.328,322.253,0.86,193.834,,563.302,141.442,,2.659,1332.339,0.791,,207.291,0.463,938.451,5.23,15.303,,10.169,499.681,,44.872,859.369,900.922,,4864.417,780.413,25.93,614.589,772.487,28305.871,837.196,159279.82,78.253,7894.556,443.461,651.907,,4.132,,906.791,,0.512,100.871,25.493,142.59,4.469,64.108,,,114.92,2.513,80.822,1042.292,2582.375,6.337,,1426.934,6.442,115.518,0.624,92.201,3110.52,200.243,212.199,13.285,62.292,481.647,15911.691,423.069,9090.424,596302.235,170081.437,,47.363,255.652,928.287,5035.979,477.683,281104.415,3.302,,547.587,0.113,8.543,,5881.089,,22480.943,3.162,,37.009,,9.518,,3798.934,224.114,130.212,2.335,532.059,,,39.579,6627.249,,1442.599,,207.073,36.306,,,175.023,281.367,69.83,83.436,1075.533,3741.409,1290.476,2.482,2151.824,6.336,4.333,10595.518,95.28,2362.707,532.926,80.483,50.948,241.939,,849.754,0.449,0.91,0.474,0.5,,550.664,531.321,2001.586,,2.264,6120.89,43.578,,,1.774,985.773,156706.0,,476.898,670.102,13.412,6.137,4.13,1772.257,328.554,503.53,,4711.093,967.7,3.947,,685.563,0.29,44.077,15.846,31.818,,,373.687,4096.231,680.652,,291.157,6610.625,,25.153,31.295,321540.896,,10.013,
1980-12-31,,293.363,2584.784,337.085,0.83,205.646,,540.976,141.583,,2.587,1292.58,0.807,,207.871,0.462,920.693,4.605,15.258,,9.402,522.678,,42.614,837.098,803.221,,4155.824,754.0,23.91,544.104,866.068,26650.301,795.814,155733.956,74.2,7820.686,432.17,667.008,,4.009,,914.905,,0.481,96.732,24.536,139.524,4.741,60.611,,,114.92,2.37,79.792,1032.187,2689.974,7.004,,1425.362,6.125,117.341,0.619,91.611,3091.668,201.245,211.013,13.146,60.753,440.308,15468.256,405.763,8561.627,554161.727,157646.641,,46.202,244.121,921.095,4865.794,457.463,269833.875,2.818,,526.02,0.117,10.536,,5099.276,,22358.049,3.068,,46.285,,9.442,,4211.678,236.52,121.76,2.164,545.406,,,42.587,6105.872,,1331.103,,212.961,34.577,,,161.548,282.821,67.821,79.191,1077.447,3096.213,1270.558,2.119,2014.235,5.801,4.284,9705.481,90.346,2284.503,592.14,77.744,53.013,241.698,,829.252,0.437,0.866,0.442,0.55,,613.99,507.514,1905.011,,2.355,6008.038,39.357,,,1.807,935.617,145903.2,,478.851,636.102,12.614,6.023,3.602,1775.65,323.376,464.241,,4654.658,913.7,4.065,,709.832,0.254,42.139,15.017,30.487,,,345.929,3944.017,689.32,,285.727,6443.425,,24.098,31.703,303921.826,,9.39,
